,Topic,Count,Name,Representation,Representative_Docs
0,-1,917288,-1_just_like_people_trump,"['just', 'like', 'people', 'trump', 'dont', 'know', 'time', 'think', 'good', 'right']","[""it seems strange that almost everyone here is playing the blame game in one way or another instead of committing such a foolish mistake which is exactly what all politicians want try focusing on this one fact million americans are shelling out from their paychecks trillion dollars a year to run all levels of government or we are borrowing from other governments or just printing the difference ask yourself the question how long can we sustain that the next time you fall in love with a political candidate and send them what few dollars you have left try to make a wise decision on who you support don't listen to what they say look at what they've done"", 'wow people as we see the start of a new week we get the bad new that california will not cooperate with the election integrity commission and what we were just showed there is a bit of voter fraud going on ya i knew there was no way that there could have been that many silly people there that would vote for more taxes no free speech anti gun more illegals less work more violence more laws less cops blood in the streets support of terror groups like antifa muslim brotherhood and blm to name a few tpp and nafta pay for play cheaters more corruption open boarders less freedom and so much more is what clinton was offering omg every week we see just how right trump was and is some thing really needs to change and starting with drain the swamp of corruption and prosecute every one that brakes the laws for corruption', ""bernie would have won if he didn't let her of the hook for her server thinking it would make people love him commie beta male got his mic stolen by blm and had the dnc working against him he's really mad and will not be happy until some low level staffer gets all the blame cause he's a fraud looking for a job from wall street hillary they'll probably blame that dnc guy that was murdered about two weeks ago""]"
1,0,110408,0_truth_like_dont_lol,"['truth', 'like', 'dont', 'lol', 'just', 'good', 'know', 'hes', 'stupid', 'im']","['lol i got up early this morning b c i knew these came out last night and today was gonna be good', ""oh yes let's do that for the children s"", 'hard to believe but it seems he really is that stupid']"
2,1,91048,1_shes_hillary_woman_shell,"['shes', 'hillary', 'woman', 'shell', 'lady', 'like', 'looks', 'just', 'did', 'does']","[""hillary was kissy face with klan member bob byrd hillary gave a speech calling black people super predators hillary and the mayor of ny say being late is colored people's time hillary bans black lies matter from her rally hillary thinks black people are dupes and tricks them to get their vote"", 'does hillary know about this lol', 'dang shes as fake as hillary']"
3,2,85812,2_fbi_obama_trump_president,"['fbi', 'obama', 'trump', 'president', 'maga', 'cia', 'dnc', 'donald', 'trumps', 'obamas']","['my president', 'was that under obama', 'trump now more than ever']"
4,3,41222,3_election_ballots_democrats_fraud,"['election', 'ballots', 'democrats', 'fraud', 'dems', 'vote', 'votes', 'voter', 'voting', 'elections']","['election time', 'democrat fraud', ""drop boxes were never the problem this is just a distraction the problem is allowing mail in ballots without a valid reason that the person cannot go to the polls and vote in person the ballot mules will just drop hands full of ballots in the nearest us mail drop box and it will all be perfectly legal and will still result in a stolen election we must do away with absentee ballots completely if you cannot go to the local voting station and vote in person then you just don't vote that election voting is a privilege not a right and if you aren't willing to put forth a little effort for the good of this great nation then you don't deserve that privilege""]"
5,4,26047,4_muslim_muslims_islam_isis,"['muslim', 'muslims', 'islam', 'isis', 'iran', 'islamic', 'religion', 'iranian', 'terrorist', 'obama']","['but he does do muslim', 'read learn understand resist dammit by dr peter hammond frontpagemagazine com monday april note numbers as of the following is adapted from dr peter hammond s book slavery terrorism and islam the historical roots and contemporary threat islam is not a religion nor is it a cult it is a complete system islam has religious legal political economic and military components the religious component is a beard for all the other components islamization occurs when there are sufficient muslims in a country to agitate for their so called religious rights when politically correct and culturally diverse societies agree to the reasonable muslim demands for their religious rights they also get the other components under the table here s how it works percentages source cia the world fact book as long as the muslim population remains around of any given country they will be regarded as a peace loving minority and not as a threat to anyone in fact they may be featured in articles and films stereotyped for their colorful uniqueness united states muslim australia muslim canada muslim china muslim italy muslim norway muslim at and they begin to proselytize from other ethnic minorities and disaffected groups with major recruiting from the jails and among street gangs denmark muslim germany muslim united kingdom muslim spain muslim thailand muslim from on they exercise an inordinate influence in proportion to their percentage of the population they will push for the introduction of halal clean by islamic standards food thereby securing food preparation jobs for muslims they will increase pressure on supermarket chains to feature it on their shelves along with threats for failure to comply united states france muslim philippines muslim sweden muslim switzerland muslim the netherlands muslim trinidad tobago muslim at this point they will work to get the ruling government to allow them to rule themselves under sharia the islamic law the ultimate goal of islam is not to convert the world but to establish sharia law over the entire world when muslims reach of the population they will increase lawlessness as a means of complaint about their conditions paris car burnings any non muslim action that offends islam will result in uprisings and threats amsterdam mohammed cartoons guyana muslim india muslim israel muslim kenya muslim russia muslim after reaching expect hair trigger rioting jihad militia formations sporadic killings and church and synagogue burning ethiopia muslim at you will find widespread massacres chronic terror attacks and ongoing militia warfare bosnia muslim chad muslim lebanon muslim from you may expect unfettered persecution of non believers and other religions sporadic ethnic cleansing genocide use of sharia law as a weapon and jizya the tax placed on infidels albania muslim malaysia muslim qatar muslim sudan muslim after expect state run ethnic cleansing and genocide bangladesh muslim egypt muslim gaza muslim indonesia muslim iran muslim iraq muslim jordan muslim morocco muslim pakistan muslim palestine muslim syria muslim tajikistan muslim turkey muslim united arab emirates muslim will usher in the peace of dar es salaam the islamic house of peace there s supposed to be peace because everybody is a muslim afghanistan muslim saudi arabia muslim somalia muslim yemen muslim of course that s not the case to satisfy their blood lust muslims then start killing each other for a variety of reasons before i was nine i had learned the basic canon of arab life it was me against my brother me and my brother against our father my family against my cousins and the clan the clan against the tribe and the tribe against the world and all of us against the infidel leon uris the haj it is good to remember that in many many countries such as france the muslim populations are centered around ghettos based on their ethnicity muslims do not integrate into the community at large therefore they exercise more power than their national average would indicate final thought in the bible god prophesied that ishmael and his descendants would be wild and fight with everyone this prediction has held true throughout history will the world ever have peace with ishmael will ishmael even find peace himself deep down don t we all want the same things love peace acceptance i wonder how much longer we will have to wait before real peace comes to humanity gen and the angel of the lord said unto her behold thou art with child and shalt bear a son and shalt call his name ishmael because the lord hath heard thy affliction gen and he will be a wild man his hand will be against every man and every man s hand against him and he shall dwell in the presence of all his brethren', 'he is a good muslim now']"
6,5,25997,5_patriots_amendment_america_country,"['patriots', 'amendment', 'america', 'country', 'government', 'constitution', 'americans', 'patriot', 'law', 'freedom']","['you can count the number of america first patriots in dc on one hand', 'you had better be ready to use your second amendment rights', 'better vote these people out of office and get some patriots in there']"
7,6,25155,6_black_white_blacks_racist,"['black', 'white', 'blacks', 'racist', 'racism', 'whites', 'race', 'color', 'racists', 'hate']","['if he were white everyone would know who it is', 'trump is white get over it', 'does he believe all white people are white supremacists and black people cannot be racist bet he does']"
8,7,23586,7_biden_bidens_joe_president,"['biden', 'bidens', 'joe', 'president', 'administration', 'trump', 'hes', 'family', 'dementia', 'regime']","['may as well gave it to joe biden', 'they do it because they know biden will do nothing', 'this is all on biden']"
9,8,23200,8_cnn_media_news_fake,"['cnn', 'media', 'news', 'fake', 'press', 'propaganda', 'journalists', 'msnbc', 'journalism', 'reporters']","['cnn does', 'go back to cnn', 'is that you cnn']"
10,9,19028,9_god_jesus_satan_pray,"['god', 'jesus', 'satan', 'pray', 'lord', 'christ', 'evil', 'bible', 'shall', 'gods']","[""i pray that god will protect save and help president trump and give him a victory over this and i pray as the bible says let god arise may god enemies be scattered in jesus'holy name amen"", 'everyone get right with god now while you still can', 'but god']"
11,10,16573,10_covid_virus_flu_cdc,"['covid', 'virus', 'flu', 'cdc', 'deaths', 'pandemic', 'coronavirus', 'wuhan', 'doctors', 'medical']","[""how can you say that after we just went through all this covid pandemic crap the virus was made up from corona viruses that happens in the lab the ccp are liars and don't care about human lives the democrats are the same way put it together wasn't that covid virus convenient"", 'its a virus another china virus', ""covid is a mind virus that's the really dangerous virus here""]"
12,11,16218,11_communist_communists_communism_socialism,"['communist', 'communists', 'communism', 'socialism', 'commie', 'marxist', 'commies', 'socialist', 'marxists', 'socialists']","['just like the communist', 'bill de communist', ""no one's a communist""]"
13,12,15774,12_prison_jail_money_gold,"['prison', 'jail', 'money', 'gold', 'bail', 'arrested', 'million', 'pay', 'crypto', 'arrest']","['other people go to jail for that', 'jail time', 'not if he is in prison']"
14,13,15391,13_twitter_facebook_google_social,"['twitter', 'facebook', 'google', 'social', 'fb', 'banned', 'youtube', 'censorship', 'account', 'media']","['what kind of people use twitter and facebook in the first place', 'f twitter', 'i have no twitter or social media other than facebook how do i find q thank you']"
15,14,15311,14_ukraine_putin_russia_russian,"['ukraine', 'putin', 'russia', 'russian', 'russians', 'ukrainian', 'zelensky', 'war', 'ukrainians', 'putins']","['russia russia russia', ""yeah a act of war between ukraine and russia we're not allies with ukraine they're not in nato so we stay out of it"", ""but someone at least told her that russia is bigger than ukraine so she's got that down now""]"
16,15,11227,15_school_schools_teachers_education,"['school', 'schools', 'teachers', 'education', 'college', 'students', 'kids', 'teacher', 'parents', 'indoctrination']","['who teaches children if not teachers some children are lucky enough to have parents who can teach them how to read write and do math but not all are you talking about all teachers throughout my education i had great teachers good teachers and mediocre teachers', 'do what we do in my house tell them that teachers are idiots and that you just have to put up with them until you are out of school', 'that would be the school system']"
17,16,9974,16_border_mexico_illegals_illegal,"['border', 'mexico', 'illegals', 'illegal', 'deport', 'cartels', 'mexican', 'borders', 'immigration', 'citizenship']","['still want that open border', 'the border', ""the cartels now run arizona 'government' and the border just like in old mexico""]"
18,17,9709,17_vaccine_vaccines_vaccinated_covid,"['vaccine', 'vaccines', 'vaccinated', 'covid', 'shots', 'unvaccinated', 'vaccination', 'shot', 'flu', 'deaths']","['give them their vaccine and get them out of the country', 'it s not a vaccine', 'not a vaccine']"
19,18,9558,18_police_cops_cop_military,"['police', 'cops', 'cop', 'military', 'officer', 'officers', 'marines', 'marine', 'veterans', 'cowards']","['police state', 'f the police', 'where is the police']"
20,19,9365,19_china_chinese_ccp_chinas,"['china', 'chinese', 'ccp', 'chinas', 'communist', 'beijing', 'biden', 'joe', 'xi', 'trade']","['better then made in communist china', 'what did he do with that m he got from china', 'every one of them except china']"
21,20,8783,20_joe_joes_creepy_sleepy,"['joe', 'joes', 'creepy', 'sleepy', 'uncle', 'joementia', 'slow', 'old', 'demented', 'hes']","[""joe's world"", ""joe who's your president"", 'you re not the president joe']"
22,21,8730,21_antifa_flag_blm_flags,"['antifa', 'flag', 'blm', 'flags', 'false', 'lincoln', 'confederate', 'terrorist', 'violence', 'shirts']","['and antifa', 'only one and as for antifa', 'and antifa']"
23,22,7911,22_nfl_nba_players_football,"['nfl', 'nba', 'players', 'football', 'anthem', 'sports', 'fans', 'game', 'lebron', 'league']","['another year of no nfl football i guess i will only watch college again so much better anyway', 'americans will do just fine without the support of the nfl question is how well will the nfl do without the support of americans', 'nfl blm']"
24,23,7586,23_gun_guns_ammo_carry,"['gun', 'guns', 'ammo', 'carry', 'firearms', 'control', 'weapons', 'concealed', 'firearm', 'shootings']","[""criminals don't obey gun control laws whether registered guns or not banning guns from law abiding people will not deter criminals from obtaining guns illegally and committing gun violence gun control is not a political issue but one of common sense self defense and a right guaranteed by the nd amendment"", 'it is time for all of us to get out our guns', 'and how many guns we had']"
25,24,7446,24_pelosi_nancy_pelosis_schumer,"['pelosi', 'nancy', 'pelosis', 'schumer', 'impeachment', 'house', 'speaker', 'cheney', 'paul', 'waters']","['could she please be the next nancy pelosi', 'never go full pelosi', 'pelosi was all in on it']"
26,25,7297,25_judges_judge_court_supreme,"['judges', 'judge', 'court', 'supreme', 'courts', 'appointed', 'justices', 'judicial', 'appeal', 'justice']","['what is the name of the judge', 'where is the judge in all this', 'it is time to judge the judges and hold them accountable end the corruption of our judges now']"
27,26,7241,26_climate_warming_global_change,"['climate', 'warming', 'global', 'change', 'gore', 'weather', 'snowflakes', 'solar', 'ice', 'carbon']","['and climate change', 'great now we have wind stupid climate change global warming will ever end', 'biden and the dems will do nothing but blame this on their religion of global warming climate change']"
28,27,7109,27_soros_george_funded_paid,"['soros', 'george', 'funded', 'paid', 'money', 'funding', 'soross', 'nazi', 'groups', 'puppet']","['soros will have to back out of the way first', 'soros co', 'there is only one soros']"
29,28,6729,28_liberals_leftists_left_leftist,"['liberals', 'leftists', 'left', 'leftist', 'liberal', 'liberalism', 'logic', 'mental', 'lefties', 'right']","['stupid is as leftists do', 'liberals own this', 'liberals love it']"
30,29,6660,29_california_ca_blue_red,"['california', 'ca', 'blue', 'red', 'state', 'states', 'governor', 'virginia', 'californians', 'county']","['even more true in california', 'no more no less than say california', 'need to do it in california']"
31,30,6235,30_israel_jews_jewish_palestinians,"['israel', 'jews', 'jewish', 'palestinians', 'jew', 'israeli', 'israelis', 'palestine', 'palestinian', 'netanyahu']","['i will pray for israel long live israel', 'get some israel', 'but but israel']"
32,31,5932,31_eu_europe_germany_uk,"['eu', 'europe', 'germany', 'uk', 'german', 'germans', 'italy', 'refugees', 'britain', 'brexit']","['germany is what it has always been and that is a nation bent on dominance and absorbing europe into german control the euro has made the germans rich while damaging the rest of europe the other eu nations including the one i live in cow tows to germany britain must leave now or forever be enslaved to this monstrous union', 'definitely too late for the eu still some hope for europe', 'no it is germany eu']"
33,32,5845,32_tgp_musk_gateway_elon,"['tgp', 'musk', 'gateway', 'elon', 'pundit', 'zuckerberg', 'dorsey', 'twitter', 'jack', 'site']","['elon musk more power to him he found the secret', 'called it tgp', 'the gateway pundit is over the target well done tgp']"
34,33,5789,33_trudeau_fascist_canada_fascism,"['trudeau', 'fascist', 'canada', 'fascism', 'fascists', 'canadian', 'canadians', 'nwo', 'reset', 'truckers']","['yes fascist canada getting worse every day or so it seems', ""ask trudeau canada's laws are different than ours"", 'when fascism comes to america it will look like justin trudeau s canada']"
35,34,5766,34_mueller_muellers_investigation_rosenstein,"['mueller', 'muellers', 'investigation', 'rosenstein', 'comey', 'hunt', 'witch', 'collusion', 'team', 'report']","['mueller should be shot', 'how much of our money did we pay mueller', 'mueller wants president trump']"
36,35,5275,35_disney_hollywood_fjb_movie,"['disney', 'hollywood', 'fjb', 'movie', 'movies', 'kanye', 'actor', 'actors', 'sports', 'walt']","['good i hope they go down like disney', 'and disney', ""f' disney""]"
37,36,5252,36_swamp_roberts_drain_draining,"['swamp', 'roberts', 'drain', 'draining', 'pdjt', 'creatures', 'thomas', 'justice', 'scalia', 'drained']","['deep swamp', 'swamp people', 'themselves the swamp']"
38,37,4999,37_ryan_brennan_paul_ryans,"['ryan', 'brennan', 'paul', 'ryans', 'speaker', 'nehlen', 'lyin', 'rino', 'traitor', 'brennans']","['along with paul ryan', 'because of ryan', 'paul ryan']"
39,38,4859,38_abortion_parenthood_abortions_planned,"['abortion', 'parenthood', 'abortions', 'planned', 'baby', 'babies', 'unborn', 'pro', 'birth', 'aborted']","['yes and so is abortion', ""he's against abortion and will be for the next years as president"", 'and this is all about abortion abortion abortion']"
40,39,4667,39_protest_protesters_peaceful_protests,"['protest', 'protesters', 'peaceful', 'protests', 'riots', 'rioters', 'police', 'riot', 'protesting', 'protestors']","[""'peaceful' protesters at it again"", 'time for a mostly peaceful protest', 'the so called peaceful protesters support the riots']"
41,40,4627,40_mask_masks_wear_wearing,"['mask', 'masks', 'wear', 'wearing', 'virus', 'mandate', 'face', 'mandates', 'covid', 'masked']","[""it's the co from wearing the mask"", 'mask this', ""masks masks masks can we see the science on mask wearing oh yeah there isn't any""]"
42,41,4610,41_cruz_ted_cruzs_delegates,"['cruz', 'ted', 'cruzs', 'delegates', 'rubio', 'trump', 'supporters', 'establishment', 'carson', 'campaign']","['president cruz will', 'trump cruz', 'trump and cruz']"
43,42,4386,42_sessions_jeff_ag_recuse,"['sessions', 'jeff', 'ag', 'recuse', 'recused', 'recusal', 'trump', 'session', 'deep', 'job']","['fire sessions now', 'fire sessions now', 'f u sessions']"
44,43,4327,43_impeachment_impeach_impeached_trial,"['impeachment', 'impeach', 'impeached', 'trial', 'senate', 'house', 'hearings', 'impeachable', 'president', 'evidence']","['that and the fact that there will be no impeachment of trump', 'and right after the impeachment vote', ""call for obama's impeachment""]"
45,44,4041,44_msm_news_propaganda_report,"['msm', 'news', 'propaganda', 'report', 'lies', 'fake', 'narrative', 'media', 'truth', 'trump']","['true also the msm', 'the msm will never show this', 'as well as the msm']"
46,45,3828,45_schiff_adam_schiffs_schiffty,"['schiff', 'adam', 'schiffs', 'schiffty', 'shifty', 'brains', 'scaramucci', 'committee', 'nadler', 'evidence']","['to schiff as in adam schiff', 'well he is to schiff', 'no schiff']"
47,46,3825,46_rinos_rino_republican_party,"['rinos', 'rino', 'republican', 'party', 'democrats', 'gop', 'republicans', 'dems', 'vote', 'conservative']","['communist democrats rinos did this', 'rinos are democrats', 'democrats and rinos']"
48,47,3810,47_hunter_hunters_biden_crack,"['hunter', 'hunters', 'biden', 'crack', 'joe', 'laptop', 'tapper', 'jake', 'bidens', 'pipe']","[""there's hunter"", 'and he can take hunter with him', ""where's hunter""]"
49,48,3790,48_az_arizona_georgia_maricopa,"['az', 'arizona', 'georgia', 'maricopa', 'audit', 'county', 'ballots', 'recount', 'election', 'ga']","['really have the az audit results made a difference', 'when they called arizona for biden', 'there was no more election fraud in az this past election than there was any in in other words there was massive election fraud in az']"
50,49,3430,49_kkk_slaves_slavery_plantation,"['kkk', 'slaves', 'slavery', 'plantation', 'slave', 'reparations', 'klan', 'byrd', 'party', 'crow']","['well he is a democrat they love their kkk', 'the sad thing is that so many blacks still vote for democrat without realizing they are still slaves to the democrat party the same party that started the kkk the very same party that fought tooth and nail to keep slavery the same party that voted against the equal rights amendment and yet today it is still the party that tries to keep people slaves to stay in power one can only hope that some day more blacks wake up and see the democrat party for what it is and has always been the party that supports slavery', 'see kkk has always been democrats']"
51,50,3389,50_barr_ag_barrs_wray,"['barr', 'ag', 'barrs', 'wray', 'deep', 'durham', 'sessions', 'william', 'coup', 'attorney']","['barr has it now', 'where is bill barr', 'barr is']"
52,51,3380,51_hitler_nazi_nazis_nuremberg,"['hitler', 'nazi', 'nazis', 'nuremberg', 'goebbels', 'hitlery', 'germany', 'german', 'reich', 'hitlers']","[""we do call them nazi's they are one and the same"", 'i am a nazi', 'hitler never did any of this to his own people']"
53,52,3314,52_flynn_mccabe_general_flynns,"['flynn', 'mccabe', 'general', 'flynns', 'gen', 'powell', 'sidney', 'sullivan', 'judge', 'plea']","['great move general flynn', 'and he will pay it and more to flynn', 'good for flynn']"
54,53,3252,53_korea_north_kim_hong,"['korea', 'north', 'kim', 'hong', 'nk', 'kong', 'taiwan', 'china', 'korean', 'jong']","[""obama was and this is him to the absolute worst north korea's kim is better for america than obama"", 'taiwan and hong kong were part of china is that also not our business if china wants them back', 'north korea is all talk']"
55,54,3086,54_merkel_french_france_le,"['merkel', 'french', 'france', 'le', 'macron', 'pen', 'germany', 'merkels', 'german', 'angela']","['like merkel', 'this is all on you merkel', 'merkel has one on']"
56,55,2877,55_wall_build_fence_border,"['wall', 'build', 'fence', 'border', 'walls', 'built', 'mexico', 'fences', 'building', 'illegals']","['trump trump trump build the wall build the wall build the wall', 'the people do want the wall', 'they were all for a wall before trump became president']"
57,56,2773,56_barry_barrys_soetoro_bathhouse,"['barry', 'barrys', 'soetoro', 'bathhouse', 'bath', 'mike', 'house', 'hussein', 'ofraud', 'soetoros']","['and barry too', 'barry is that you', ""o'barry too""]"
58,57,2695,57_ccp_bolsheviks_bolshevik_stalin,"['ccp', 'bolsheviks', 'bolshevik', 'stalin', 'gulag', 'soviet', 'gulags', 'stalins', 'lenin', 'revolution']","['or ccp at least', 'by the ccp', 'they are the ccp']"
59,58,2579,58_romney_utah_mitt_mormon,"['romney', 'utah', 'mitt', 'mormon', 'mormons', 'romneys', 'mittens', 'lds', 'church', 'trump']","['well at least she was right about romney', 'never romney', 'romney as well']"
60,59,2525,59_mccain_john_mccains_romney,"['mccain', 'john', 'mccains', 'romney', 'songbird', 'graham', 'traitor', 'hero', 'arizona', 'cindy']","['is mccain in there', 'and mccain', 'of mccain']"
61,60,2505,60_troll_trolls_trolling_concern,"['troll', 'trolls', 'trolling', 'concern', 'paid', 'comments', 'account', 'bot', 'post', 'posts']","['can you go troll elsewhere', 'troll much', 'trolls gonna troll']"
62,61,2479,61_dc_democracy_republic_washington,"['dc', 'democracy', 'republic', 'washington', 'constitutional', 'states', 'democrats', 'constitution', 'illegals', 'government']","['it should be done to dc too', 'dc is full of them', 'one of many in dc']"
63,62,2462,62_nyc_york_chicago_ny,"['nyc', 'york', 'chicago', 'ny', 'new', 'detroit', 'city', 'yorkers', 'deblasio', 'mayor']","['new new york', 'nyc only of the time', 'i have never nor will ever go to nyc never']"
64,63,2459,63_fauci_faucis_dr_birx,"['fauci', 'faucis', 'dr', 'birx', 'mengele', 'anthony', 'fauchi', 'humanity', 'fao', 'murderer']","[""where's fauci"", 'fauci must go', 'fauci again']"
65,64,2429,64_christmas_merry_santa_virtue,"['christmas', 'merry', 'santa', 'virtue', 'signaling', 'lemmings', 'inbreeding', 'pregnant', 'camel', 'claus']","['and a very merry christmas to you too', 'well it is a merry christmas after all', 'merry christmas everyone']"
66,65,2372,65_texas_oregon_austin_secession,"['texas', 'oregon', 'austin', 'secession', 'texans', 'texan', 'dallas', 'idaho', 'tx', 'state']","['about time go texas', ""it's in texas"", 'they re in texas are they not']"
67,66,2316,66_comey_comeys_james_fbi,"['comey', 'comeys', 'james', 'fbi', 'papadopoulos', 'fired', 'investigation', 'hillary', 'memos', 'clinton']","['comey for prison', 'they said the same about comey', 'keep talking comey']"
68,67,2313,67_globalist_globalists_globalism_world,"['globalist', 'globalists', 'globalism', 'world', 'migrants', 'order', 'global', 'new', 'spanish', 'agenda']","['thank you globalist', 'can you show us if you have anything on us please globalist congress', 'they are globalists first']"
69,68,2298,68_venezuela_cuba_castro_cuban,"['venezuela', 'cuba', 'castro', 'cuban', 'cubans', 'chavez', 'maduro', 'venezuelans', 'venezuelan', 'fidel']","[""that's because you live in venezuela"", 'go back to venezuela', 'this country is no better than venezuela']"
70,69,2228,69_pope_vatican_francis_catholic,"['pope', 'vatican', 'francis', 'catholic', 'church', 'popes', 'jesuit', 'catholics', 'jesuits', 'benedict']","['this guy should have been pope', 'now as long as he has been pope at least', 'i want him for pope']"
71,70,2221,70_graham_lindsey_lindsay_grahams,"['graham', 'lindsey', 'lindsay', 'grahams', 'miss', 'grahamnesty', 'rino', 'mccain', 'sc', 'senate']","['wait maybe lindsey graham will get to the bottom of this', ""thats what lindsey graham wants who's side are you on"", 'lindsey graham will get to the bottom of this lol']"
72,71,2210,71_pence_mike_vp_pences,"['pence', 'mike', 'vp', 'pences', 'trump', 'traitor', 'vice', 'president', 'judas', 'electors']","['no pence please', 'go f yourself pence', 'as well as pence']"
73,72,2179,72_taliban_afghanistan_afghan_afghans,"['taliban', 'afghanistan', 'afghan', 'afghans', 'kabul', 'biden', 'weapons', 'iraq', 'military', 'withdrawal']","['there are no people of color in afghanistan the taliban are the real white supremacists', 'who of course learned it from the taliban in afghanistan', 'american taliban']"
74,73,2172,73_epstein_epsteins_island_jeffrey,"['epstein', 'epsteins', 'island', 'jeffrey', 'maxwell', 'suicide', 'lolita', 'epsteined', 'clinton', 'jeffery']","[""like epstein's"", 'trump epstein', 'trump epstein']"
75,74,2152,74_mayor_unions_union_amnesty,"['mayor', 'unions', 'union', 'amnesty', 'pete', 'city', 'cities', 'dues', 'workers', 'chicago']","['can this mayor really do this', 'the unions may but it does not mean all union employees are', 'why is he the mayor']"
76,75,2136,75_polls_poll_polling_pollsters,"['polls', 'poll', 'polling', 'pollsters', 'numbers', 'election', 'fraud', 'fake', 'polled', 'skewed']","['all of the polls', 'but but but the polls', 'but but the polls']"
77,76,2101,76_mccarthy_speaker_kevin_mccarthys,"['mccarthy', 'speaker', 'kevin', 'mccarthys', 'mcconnell', 'rino', 'luntz', 'house', 'ryan', 'mtg']","['mccarthy needs to go', 'where is mccarthy news at', 'mccarthy was right']"
78,77,2087,77_justice_coup_tiered_served,"['justice', 'coup', 'tiered', 'served', 'attempted', 'courts', 'tier', 'military', 'detat', 'attempt']","['and justice for all', 'this is not justice', 'no justice']"
79,78,2070,78_cuomo_nursing_cuomos_andrew,"['cuomo', 'nursing', 'cuomos', 'andrew', 'homes', 'ny', 'fredo', 'chris', 'york', 'deblasio']","['all democrats have a little cuomo in them', 'i think cuomo was about to cry', ""cuomo is only on cuomo's side""]"
80,79,2046,79_dominion_machines_voting_software,"['dominion', 'machines', 'voting', 'software', 'smartmatic', 'systems', 'votes', 'machine', 'election', 'ballots']","['dominion said no', 'they are not call dominion for nothing', 'that and dominion']"
81,80,1945,80_traitors_traitor_treason_traitorous,"['traitors', 'traitor', 'treason', 'traitorous', 'hang', 'eo', 'speaker', 'guilty', 'treasonous', 'hanging']","['who would do this except traitors', 'traitors every last one of them', 'traitors traitors everywhere']"
82,81,1943,81_tucker_carlson_dobbs_lou,"['tucker', 'carlson', 'dobbs', 'lou', 'fox', 'tuckers', 'watch', 'hume', 'tonight', 'night']","['way to go tucker', 'tucker is still going after them', ""he's almost on tucker""]"
83,82,1934,82_gp_headline_list_avatar,"['gp', 'headline', 'list', 'avatar', 'rumors', 'discus', 'site', 'headlines', 'pic', 'picture']","['i am as well and i really love the gp', 'take this down gp', 'why gp']"
84,83,1930,83_doj_corrupt_prosecute_investigate,"['doj', 'corrupt', 'prosecute', 'investigate', 'justice', 'investigation', 'jury', 'ag', 'charges', 'special']","['but who will do anything our doj', 'and the doj', 'the doj was in on all of it']"
85,84,1929,84_portland_daca_seattle_city,"['portland', 'daca', 'seattle', 'city', 'mayor', 'amnesty', 'police', 'oregon', 'antifa', 'illegal']","[""it's portland they are backwards in portland"", 'i hate portland', 'because portland']"
86,85,1912,85_jab_jabs_jabbed_death,"['jab', 'jabs', 'jabbed', 'death', 'poison', 'booster', 'deaths', 'took', 'taking', 'effects']","['the trump jab', 'only to be made if you take the jab', 'no jab']"
87,86,1869,86_blocked_block_troll_blocking,"['blocked', 'block', 'troll', 'blocking', 'bye', 'trolls', 'flagged', 'user', 'idiot', 'jomo']","[""there's two blocked"", 'i blocked it s a', 'blocked now']"
88,87,1833,87_inflation_libtards_libtard_libturds,"['inflation', 'libtards', 'libtard', 'libturds', 'currency', 'libturd', 'spending', 'money', 'rates', 'prices']","['why is inflation so high', ""more inflation on it's way"", 'years of trump inflation under year of biden inflation over']"
89,88,1830,88_audit_audits_forensic_auditors,"['audit', 'audits', 'forensic', 'auditors', 'results', 'audited', 'election', 'fraud', 'auditing', 'walker']","['keep her away from the audit', 'need to audit', 'audit time']"
90,89,1809,89_hcq_ivermectin_hydroxychloroquine_zinc,"['hcq', 'ivermectin', 'hydroxychloroquine', 'zinc', 'covid', 'drug', 'patients', 'fda', 'chloroquine', 'doctors']","[""what do you bet china put ivermectin or hcq in the water supply someone should test it that would say a lot if it's there"", 'million doses of ivermectin and hcq', ""yes i make my own hcq too i use 'ivermectin' also i love using the natural stuff""]"
91,90,1768,90_clown_clowns_circle_circus,"['clown', 'clowns', 'circle', 'circus', 'apple', 'phone', 'black', 'face', 'golf', 'phones']","['clown in clown world', 'clown show', 'who the f is this clown']"
92,91,1764,91_kamala_harris_jill_kamalas,"['kamala', 'harris', 'jill', 'kamalas', 'willie', 'kamal', 'brown', 'kamaltoe', 'biden', 'joe']","['why do you want kamala to take over', ""not if you're kamala d"", ""then we'd get kamala no no no""]"
93,92,1722,92_hobbs_kari_lake_katie,"['hobbs', 'kari', 'lake', 'katie', 'arizona', 'az', 'governor', 'election', 'lakes', 'win']","['hobbs controlled how to steal her election kari lake will get to the bottom of stealing elections', 'hobbs will not be governor when kari lake wins', ""so katie hobbs's own sister voted for kari lake well that says a lot about katie hobbs""]"
94,93,1671,93_vax_vaxxed_vaxx_fauci,"['vax', 'vaxxed', 'vaxx', 'fauci', 'vaxed', 'unvaxxed', 'vaxxes', 'vaxxx', 'vaxxers', 'vaccine']","['live by the vax die by the vax', 'vax them vax them real good its only a matter of time', 'did she get the vax']"
95,94,1646,94_blm_charlottesville_black_group,"['blm', 'charlottesville', 'black', 'group', 'white', 'terrorist', 'organization', 'burn', 'loot', 'antifa']","['you support blm', 'blm really do they', 'so where is blm on this']"
96,95,1637,95_fox_news_cnn_foxnews,"['fox', 'news', 'cnn', 'foxnews', 'watch', 'murdoch', 'network', 'conservative', 'watching', 'viewers']","['fox news is d e a d', 'so is fox news', 'fox is also']"
97,96,1566,96_mcconnell_mitch_turtle_mcconnells,"['mcconnell', 'mitch', 'turtle', 'mcconnells', 'senate', 'tillerson', 'leader', 'boehner', 'senators', 'republican']","['mcconnell is behind this too', 'same as mcconnell', 'mcconnell is not one of us']"
98,97,1516,97_deep_state_treason_congress,"['deep', 'state', 'treason', 'congress', 'lawyers', 'staters', 'deepstate', 'sedition', 'operatives', 'stater']","[""that's why they call it the deep state"", 'deep state', 'the deep state']"
99,98,1506,98_fentanyl_science_drug_drugs,"['fentanyl', 'science', 'drug', 'drugs', 'dna', 'scientific', 'scientists', 'heroin', 'overdose', 'opioid']","[""that's their science at work for them"", 'just more science', 'fentanyl etc is not the issue']"
100,99,1503,99_treason_treasonous_penalty_death,"['treason', 'treasonous', 'penalty', 'death', 'punishment', 'sedition', 'united', 'coup', 'traitors', 'states']","['and treason', 'this is treason', 'and treason']"
101,100,1485,100_hannity_sean_hannitys_tick,"['hannity', 'sean', 'hannitys', 'tick', 'tock', 'guests', 'fox', 'radio', 'news', 'watch']","[""so now we know hannity's one of yours"", 'you go hannity', ""she's hannity with t i t s""]"
102,101,1429,101_moore_roy_michael_alabama,"['moore', 'roy', 'michael', 'alabama', 'judge', 'burr', 'moores', 'mcconnell', 'meadows', 'senate']","['where was he when the did it to judge moore', 'moore moore moore moore more of this stuff please ha ha maga', 'moore seems to be doing just that']"
103,102,1410,102_manchin_okeefe_veritas_kristol,"['manchin', 'okeefe', 'veritas', 'kristol', 'project', 'donnie', 'james', 'keefe', 'okeefes', 'sinema']","['project veritas is dead', 'great job project veritas', 'project veritas']"
104,103,1373,103_gas_gallon_fireworks_shoot,"['gas', 'gallon', 'fireworks', 'shoot', 'prices', 'cents', 'fuel', 'cannons', 'price', 'shot']","[""it used to be a few cents per gallon but i think the margin is wider now i've seen price differences of cents per gallon locally but then again as a percentage cents per gallon when gas is a gallon is almost the same margin as cents used to be when gas was a gallon"", 'tell us that again when a gallon of gas cost', 'price of gas here on was a gallon let me know when it gets back to that']"
105,104,1369,104_rino_rinos_dun_extinct,"['rino', 'rinos', 'dun', 'extinct', 'pos', 'hes', 'rid', 'bye', 'forget', 'ha']","[""he's a rino"", ""how many rino's do we have"", 'rinos gonna rino']"
106,105,1367,105_fraud_frauds_fraudci_evidence,"['fraud', 'frauds', 'fraudci', 'evidence', 'fraudulent', 'vitiates', 'massive', 'fraudsters', 'polls', 'approval']","['how can anyone take that fraud serious', 'fraud what fraud', 'fraud what fraud']"
107,106,1309,106_omar_ilhan_omars_tlaib,"['omar', 'ilhan', 'omars', 'tlaib', 'omarosa', 'elmi', 'brother', 'somalia', 'immigration', 'married']","[""omar's got to be in there"", 'as is omar', 'and omar']"
108,107,1305,107_disqus_comments_spam_comment,"['disqus', 'comments', 'spam', 'comment', 'tgp', 'sites', 'site', 'banned', 'post', 'posts']","['it was something to do with disqus it was here bb and disqus own site so i assume it was everywhere that used disqus seems better now', 'yeah something with disqus', 'go back to disqus']"
109,108,1285,108_kennedy_jfk_kennedys_oswald,"['kennedy', 'jfk', 'kennedys', 'oswald', 'assassination', 'nixon', 'holder', 'jfks', 'ted', 'cia']","[""rather like the dead kennedy's"", 'the last real kennedy', 'it was kennedy he is still there']"
110,109,1277,109_shocked_surprise_surprised_ha,"['shocked', 'surprise', 'surprised', 'ha', 'shocking', 'shock', 'surprising', 'surprises', 'shocker', 'joke']","[""i'm just not shocked or even surprised by it i question why anyone else would be"", ""someone tell me they're surprised and shocked by this"", ""well i'm just shocked and surprised not""]"
111,110,1275,110_jeb_carson_bush_gorka,"['jeb', 'carson', 'bush', 'gorka', 'jebs', 'ben', 'dr', 'jebbie', 'jebby', 'love']","['let jeb do it', 'no we know what jeb did with that mill', 'w h y j e b why jeb']"
112,111,1271,111_rush_limbaugh_rushs_cruz,"['rush', 'limbaugh', 'rushs', 'cruz', 'radio', 'today', 'listen', 'rushbo', 'said', 'listening']","['rush is right', 'and once again rush is right', 'never will there be another rush']"
113,112,1248,112_corruption_corrupt_smidgen_bernie,"['corruption', 'corrupt', 'smidgen', 'bernie', 'politicians', 'democrats', 'politician', 'democrat', 'trump', 'party']","['so where is the corruption', 'what corruption', ""or they're in on the corruption""]"
114,113,1241,113_pardon_pardons_pardoned_cohen,"['pardon', 'pardons', 'pardoned', 'cohen', 'lin', 'wood', 'warner', 'pardoning', 'convicted', 'presidential']","['he can pardon both', 'trump pardon', 'trump should pardon him now']"
115,114,1240,114_rand_paul_rove_karl,"['rand', 'paul', 'rove', 'karl', 'ron', 'pauls', 'paulie', 'senator', 'pauly', 'rands']","[""and rand paul's"", 'rand paul', 'rand paul never']"
116,115,1235,115_affirmative_floyd_action_george,"['affirmative', 'floyd', 'action', 'george', 'floyds', 'chauvin', 'hire', 'shaun', 'diversity', 'fentanyl']","['affirmative action what could go wrong', 'affirmative action at work there', 'affirmative action']"
117,116,1203,116_desantis_ron_trump_vp,"['desantis', 'ron', 'trump', 'vp', 'run', 'maga', 'running', 'president', 'hes', 'santis']","['without trump there would have been no desantis', 'trump desantis', 'trump desantis']"
118,117,1201,117_cheat_cheating_amazon_cheated,"['cheat', 'cheating', 'amazon', 'cheated', 'cheaters', 'snitches', 'snitch', 'boycott', 'win', 'censure']","['or cheat', 'the cheat is in', 'except when the cheat and they do cheat']"
119,118,1196,118_rnc_scotus_donate_candidates,"['rnc', 'scotus', 'donate', 'candidates', 'dnc', 'money', 'directly', 'donations', 'gop', 'republican']","['i will never give money to the rnc never', 'i only give to trump not the rnc', 'f the rnc']"
120,119,1188,119_bannon_steve_bannons_breitbart,"['bannon', 'steve', 'bannons', 'breitbart', 'trump', 'bb', 'room', 'warroom', 'trumps', 'war']","['good for bannon', 'bannon should be here too', 'bannon was']"
121,120,1180,120_airlines_airline_flight_plane,"['airlines', 'airline', 'flight', 'plane', 'delta', 'pilots', 'pilot', 'fly', 'flights', 'planes']","['does he work for united airlines on his off days', 'thanks i should know this i have flown for the airlines not this airline and believe it or not dad was a pilot and my brother is how ridiculous do i look oh and my nephew and uncle', ""airlines if you don't like it leave pilots ok airlines fascists""]"
122,121,1148,121_meth_monkeys_monkey_apes,"['meth', 'monkeys', 'monkey', 'apes', 'drugs', 'primates', 'flat', 'drug', 'planet', 'ape']","['meth is bad', ""he's back on the meth"", 'but they can do meth']"
123,122,1148,122_qanon_anon_chan_posts,"['qanon', 'anon', 'chan', 'posts', 'qs', 'shaman', 'pub', 'anons', 'deep', 'conspiracy']","['there is no qanon', 'and qanon', 'no qanon please']"
124,123,1146,123_sweden_swedish_swedes_rape,"['sweden', 'swedish', 'swedes', 'rape', 'vikings', 'turkey', 'norway', 'nato', 'swedens', 'muslim']","['why not sweden', ""sweden where's that"", 'sweden is over it']"
125,124,1135,124_soy_squirrel_midget_boy,"['soy', 'squirrel', 'midget', 'boy', 'soyboy', 'wayne', 'joggers', 'grift', 'midgets', 'boys']","['soy boy say what', 'found the soy boy', 'soy boy']"
126,125,1127,125_mitch_cocaine_mitchs_china,"['mitch', 'cocaine', 'mitchs', 'china', 'senate', 'ditch', 'turtle', 'rino', 'wife', 'leader']","[""it's just mitch"", 'd i t c h mitch', 'mitch must go']"
127,126,1118,126_djt_djts_mccaskill_president,"['djt', 'djts', 'mccaskill', 'president', 'claire', 'potus', 'dj', 'msm', 'maga', 'dems']","['we have your back djt', 'we have one djt', 'djt when a is b is etc']"
128,127,1074,127_assange_julian_embassy_manning,"['assange', 'julian', 'embassy', 'manning', 'clapper', 'ecuador', 'assanges', 'wikileaks', 'ecuadorian', 'hero']","['assange may already be dead', 'nor is assange', 'same as what they are trying to do to assange']"
129,128,1073,128_bus_train_truck_car,"['bus', 'train', 'truck', 'car', 'bridge', 'drive', 'cars', 'tracks', 'trains', 'optics']","['bus stop do we need to know anything else', 'i want to help i will drive the bus', 'the bus to nowhere']"
130,129,1068,129_upvotes_upvote_comment_lol,"['upvotes', 'upvote', 'comment', 'lol', 'awesome', 'posting', 'welcome', 'thanks', 'thank', 'great']","['a million upvotes', 'love your post we the people a million upvotes for that', ""now that's one funny comment thanks it's a great question too if i could give you a thousand upvotes i would""]"
131,130,1056,130_snake_rumble_snakes_dan,"['snake', 'rumble', 'snakes', 'dan', 'munster', 'eddie', 'tender', 'vipers', 'cobra', 'youtube']","['snake in snake out', 'call me snake', 'call me snake']"
132,131,1054,131_oz_fetterman_ford_blasey,"['oz', 'fetterman', 'ford', 'blasey', 'mclean', 'dr', 'fords', 'fettermans', 'biden', 'leland']","['dr oz has to defeat leftist fetterman stop speaking ill of oz and get on the right side of this', 'i thought oz was running against fetterman', 'true but we would still rather have fetterman than oz']"
133,132,1041,132_rosenstein_horowitz_sessions_mueller,"['rosenstein', 'horowitz', 'sessions', 'mueller', 'rosensteins', 'rod', 'fired', 'ag', 'huber', 'bias']","['then president trump can fire sessions and rosenstein', 'rosenstein also', 'fire sessions and rosenstein together']"
134,133,1038,133_dementia_joe_joes_patient,"['dementia', 'joe', 'joes', 'patient', 'alzheimers', 'fjb', 'alzheimer', 'legitimate', 'president', 'received']","['dementia joe did it first', 'if i was dementia joe i would just give it up already', 'dementia joe']"
135,134,1035,134_speech_free_violence_freedom,"['speech', 'free', 'violence', 'freedom', 'violent', 'left', 'military', 'supporters', 'right', 'leftists']","['free speech', 'free speech', 'so much for free speech']"
136,135,1016,135_rudy_giuliani_rudys_mayor,"['rudy', 'giuliani', 'rudys', 'mayor', 'nyc', 'giulianis', 'ag', 'ny', 'city', 'lawyer']","['rudy is or was there', 'well at least rudy is always on it', 'go rudy go']"
137,136,1005,136_durham_barr_durhams_investigation,"['durham', 'barr', 'durhams', 'investigation', 'report', 'indictments', 'john', 'justice', 'sussman', 'deep']","['durham is going after hillary', 'i hope so and that durham is going with him', 'so what is durham going to do about it']"
138,137,1003,137_civil_war_start_mexican,"['civil', 'war', 'start', 'mexican', 'hot', 'flag', 'cold', 'coming', 'country', 'wars']","['how many more before the next civil war', 'this is how you get a civil war', 'if there ever is a civil war']"
139,138,993,138_drudge_links_whatfinger_matt,"['drudge', 'links', 'whatfinger', 'matt', 'report', 'site', 'news', 'breitbart', 'sites', 'click']","['f k drudge', 'down with drudge', 'drudge who']"
140,139,956,139_clot_booster_shot_boosters,"['clot', 'booster', 'shot', 'boosters', 'clots', 'shots', 'warp', 'blood', 'speed', 'graphene']","[""it's called the clot shot"", 'another clot shot booster will fix everything', 'probably because of the clot shot']"
141,140,956,140_id_michigan_voter_ids,"['id', 'michigan', 'voter', 'ids', 'vote', 'florida', 'voting', 'photo', 'state', 'card']","['and voter id right', 'voter id', 'and voter id']"
142,141,954,141_clintons_clinton_murdoch_fox,"['clintons', 'clinton', 'murdoch', 'fox', 'murdochs', 'foundation', 'rupert', 'arkansas', 'jared', 'ailes']","['either of the clintons', 'move over clintons', ""the clintons can't get them all""]"
143,142,954,142_sheep_sheeple_wolves_sheeps,"['sheep', 'sheeple', 'wolves', 'sheeps', 'wolf', 'gates', 'clothing', 'farmland', 'slaughter', 'lamb']","[""well that's because there are no sheep around"", 'sheep will be sheep', 'too many sheep']"
144,143,928,143_acosta_jim_acostas_press,"['acosta', 'jim', 'acostas', 'press', 'cnn', 'wh', 'briefings', 'journalist', 'rude', 'reporter']","['just like acosta', 'why is acosta even there', 'take that acosta']"
145,144,921,144_collusion_russian_russia_fbi,"['collusion', 'russian', 'russia', 'fbi', 'declassify', 'russians', 'dossier', 'colluding', 'evidence', 'colluded']","['russian collusion', 'now this is collusion', 'and collusion']"
146,145,918,145_brazil_bolsonaro_lula_brazilian,"['brazil', 'bolsonaro', 'lula', 'brazilian', 'brazilians', 'guam', 'military', 'brazils', 'jair', 'hank']","['and what does say about brazil', 'do what brazil is doing', 'i stand with the people of brazil and bolsonaro']"
147,146,908,146_insanity_insane_sanity_awakening,"['insanity', 'insane', 'sanity', 'awakening', 'madness', 'critical', 'psyop', 'crazy', 'definition', 'mental']","['stop this insanity', 'insanity is as insanity does', 'more insanity']"
148,147,907,147_said_true_comparrison_lgeubank,"['said', 'true', 'comparrison', 'lgeubank', 'wulfrun', 'ty', 'suelinn', 'sherbie', 'bro', 'tbp']","['well said', 'well said', 'well said']"
149,148,906,148_avenatti_jarrett_valerie_cavuto,"['avenatti', 'jarrett', 'valerie', 'cavuto', 'rice', 'stormy', 'susan', 'iranian', 'michael', 'avenattis']","['valerie jarrett', 'valerie jarrett please', 'valerie jarrett']"
150,149,903,149_tea_demoncrats_party_demoncrat,"['tea', 'demoncrats', 'party', 'demoncrat', 'bern', 'demonrats', 'demonrat', 'libertarian', 'libertarians', 'governors']","['a tea party traitor', 'the tea party would get your fired', 'tea party']"
151,150,897,150_crickets_cosby_juan_weinstein,"['crickets', 'cosby', 'juan', 'weinstein', 'harvey', 'killary', 'oan', 'williams', 'women', 'cricket']","['crickets so far', 'crickets from joe', 'and crickets']"
152,151,896,151_kavanaugh_brett_kavanaughs_judge,"['kavanaugh', 'brett', 'kavanaughs', 'judge', 'barrett', 'hearings', 'confirmed', 'confirmation', 'justice', 'supreme']","[""if it's kavanaugh i don't know"", 'will they kavanaugh him', 'kavanaugh v']"
153,152,891,152_beck_glenn_becks_glen,"['beck', 'glenn', 'becks', 'glen', 'blaze', 'cheetos', 'radio', 'beckel', 'crazy', 'mormon']","['glenn beck said what', 'just like when glenn beck did it', 'with glenn beck']"
154,153,889,153_wallace_chris_fox_waldo,"['wallace', 'chris', 'fox', 'waldo', 'debate', 'wallaces', 'chrissy', 'biden', 'cnn', 'news']","['wallace ok', ""chris wallace just said this is a disaster for the democrats wallace can't stand trump but even he can't spin it any other way"", 'trump biden wallace']"
155,154,887,154_cockroaches_roaches_cockroach_light,"['cockroaches', 'roaches', 'cockroach', 'light', 'vampires', 'roach', 'bombshell', 'scatter', 'lights', 'breed']","['the cockroaches are running', 'like cockroaches from the light', 'they are like cockroaches they are all over america']"
156,155,873,155_amen_point_excellent_good,"['amen', 'point', 'excellent', 'good', 'brother', 'question', 'bro', 'damn', 'hearty', 'aaaaahhh']","['amen that', 'amen to that', 'amen to that']"
157,156,854,156_tar_duck_covfefe_feathers,"['tar', 'duck', 'covfefe', 'feathers', 'onion', 'wong', 'babylon', 'ting', 'bee', 'sum']","[""we're beyond tar and feathers at this point"", 'who has tar and who has feathers', 'as well as tar and feathers']"
158,157,843,157_lawyers_lawyer_attorneys_attorney,"['lawyers', 'lawyer', 'attorneys', 'attorney', 'bar', 'law', 'deep', 'school', 'association', 'state']","['the lawyers are americans', 'where are all the lawyers', 'mostly lawyers']"
159,158,843,158_chuck_chuckie_chucky_todd,"['chuck', 'chuckie', 'chucky', 'todd', 'buckwheat', 'norris', 'buck', 'chucks', 'matt', 'stops']","['up chuck', 'well done chuck well done', 'no chuck']"
160,159,823,159_psaki_karen_karens_jen,"['psaki', 'karen', 'karens', 'jen', 'metoo', 'psakis', 'pataki', 'pissaki', 'mask', 'movement']","['psaki to joe', 'i could never work with psaki', ""psaki's middle name is probably karen""]"
161,160,807,160_nadler_clarke_sheriff_cain,"['nadler', 'clarke', 'sheriff', 'cain', 'nadless', 'louie', 'nads', 'nadlers', 'jerry', 'herman']","['a nadler', 'now do nadler', 'where is nadler']"
162,161,806,161_poland_hungary_nato_polish,"['poland', 'hungary', 'nato', 'polish', 'hungarian', 'hungarians', 'europe', 'orban', 'czech', 'eu']","['to czech hungary and poland', ""i'd move them to poland and hungary just to make the point extra clear"", 'hungary poland and russia']"
163,162,802,162_lemon_don_lemons_lock,"['lemon', 'don', 'lemons', 'lock', 'lemonade', 'cnn', 'anderson', 'cooper', 'lemonhead', 'sour']","['f lemon', 'don lemon', 'the next don lemon']"
164,163,800,163_tax_taxes_pay_income,"['tax', 'taxes', 'pay', 'income', 'money', 'paying', 'government', 'conservatives', 'payers', 'irs']","['yet you need to pay more in taxes', 'also time to stop paying income tax or taxes of any kind to any country', 'we pay taxes why again']"
165,164,792,164_oil_pipeline_production_gas,"['oil', 'pipeline', 'production', 'gas', 'keystone', 'drilling', 'energy', 'prices', 'barrels', 'opec']","[""the price of gas you pay is based on the price of oil so if you buy your oil from usa or where ever doesn't matter it is based on the global price of oil if global demand for oil is greater than supply the price goes up in the last year oil rigs in usa went from to the peak oil rig count was pre covid by the time trump left office the rig count was if cost barrel oil for texas crude north dakota alaska canada oil sands keystone pipeline and russia saudia arabia so if the price of oil drops below those value those wells get shut down or they will go out of business since the price of oil is high many oil rigs will go online future contracts predict in a year in two years and in years so if anyone says biden shut down usa oil wells is a losing and inaccurate opinion since of the oil wells were shut down during the trump administration bottom line covid is responsible for the high oil prices americans and american news media are too stupid to insult the president has no effect on the price of gas"", ""and oil don't forget our oil"", 'take the oil trump']"
166,165,774,165_nuclear_nuke_nukes_missile,"['nuclear', 'nuke', 'nukes', 'missile', 'neutron', 'missiles', 'nuked', 'weapons', 'reactor', 'launch']","['yeah go nuclear', 'nuclear power bad nuclear war good', 'show the world nuclear is the way']"
167,166,774,166_strzok_stone_peter_roger,"['strzok', 'stone', 'peter', 'roger', 'strzoks', 'page', 'strozk', 'ba', 'manafort', 'fbi']","['he strzok lies', 'peter strzok', 'except for strzok']"
168,167,773,167_bs_plan_triggered_planned,"['bs', 'plan', 'triggered', 'planned', 'hurts', 'naive', 'simpleton', 'dense', 'pessimism', 'prediction']","['i call bs', 'what bs', ""no that's bs""]"
169,168,769,168_whistleblower_whistleblowers_ciaramella_whistle,"['whistleblower', 'whistleblowers', 'ciaramella', 'whistle', 'blower', 'clapper', 'brennan', 'complaint', 'eric', 'podesta']","['where is a whistleblower when you need one', 'who is this whistleblower', 'because there is no whistleblower']"
170,169,759,169_debate_debates_moderators_moderator,"['debate', 'debates', 'moderators', 'moderator', 'dean', 'candidates', 'presidential', 'commission', 'questions', 'trump']","['there is no way he can debate trump', 'there will never be a debate', ""that's part of the debate""]"
171,170,757,170_xiden_xidens_regime_xi,"['xiden', 'xidens', 'regime', 'xi', 'joe', 'puppet', 'installed', 'won', 'illegitimate', 'xinn']","['xiden was wrong again', 'if only xiden were a real president', 'joe xiden']"
172,171,755,171_africa_south_zimbabwe_mandela,"['africa', 'south', 'zimbabwe', 'mandela', 'african', 'africans', 'farmers', 'apartheid', 'mugabe', 'rhodesia']","[""well there's always back to africa"", 'go back to africa', 'south africa']"
173,172,750,172_mike_big_mikes_mikey,"['mike', 'big', 'mikes', 'mikey', 'mini', 'rowe', 'hes', 'halfrican', 'tranny', 'gorilla']","[""where's big mike"", 'big mike too', 'or big mike']"
174,173,724,173_schumer_schumers_chuck_shutdown,"['schumer', 'schumers', 'chuck', 'shutdown', 'sunday', 'upchuck', 'ways', 'chucky', 'schmucky', 'schmuck']","['schumer got mill for that one', 'p o schumer', 'rather him than schumer']"
175,174,721,174_uniparty_ron_party_deperno,"['uniparty', 'ron', 'party', 'deperno', 'unipartys', 'republican', 'gope', 'trump', 'republicans', 'members']","['we already have a uniparty in d c', 'the uniparty', 'the uniparty']"
176,175,719,175_brandon_lets_brandons_fjb,"['brandon', 'lets', 'brandons', 'fjb', 'lesco', 'won', 'clap', 'maga', 'itunes', 'chant']","['lets go brandon', 'lets go brandon', 'lets go brandon']"
177,176,712,176_jim_jimbo_jims_thank,"['jim', 'jimbo', 'jims', 'thank', 'congratulations', 'thanks', 'congrats', 'great', 'good', 'safe']","['i you jim', 'well done jim', 'jim who']"
178,177,711,177_jones_alex_van_clinton,"['jones', 'alex', 'van', 'clinton', 'kushner', 'clintons', 'infowars', 'hillary', 'jared', 'foundation']","['alex jones', 'alex jones should have him on', 'alex jones']"
179,178,701,178_manafort_solitary_mueller_gowdy,"['manafort', 'solitary', 'mueller', 'gowdy', 'manaforts', 'confinement', 'flynn', 'paul', 'nunes', 'campaign']","['is manafort a criminal if so how', 'good for manafort', 'at least the fbi got manafort']"
180,179,695,179_spot_good_sure_yup,"['spot', 'good', 'sure', 'yup', 'aarpy', 'oh', 'rambler', 'sybil', 'thanks', 'yep']","['spot on', 'spot on', 'spot on']"
181,180,688,180_feinstein_harris_biden_feinsteins,"['feinstein', 'harris', 'biden', 'feinsteins', 'diane', 'dianne', 'spy', 'chinese', 'driver', 'senator']","['because feinstein told her who it was', 'or just feinstein it', ""that's feinstein with me""]"
182,181,676,181_thank_tbp_yew_ye,"['thank', 'tbp', 'yew', 'ye', 'guys', 'thanks', '', '', '', '']","['thank you', 'thank you', 'thank you']"
183,182,673,182_australia_aussies_australians_aussie,"['australia', 'aussies', 'australians', 'aussie', 'australian', 'zealand', 'refugees', 'nz', 'guns', 'nazi']","['make australia great again', 'were the f is australia', 'go australia']"
184,183,659,183_video_cletus_bang_gem,"['video', 'cletus', 'bang', 'gem', 'pronounced', 'nag', 'link', 'pronounce', 'rhymes', 'naggers']","['and take video please', ""where's the video"", 'where is the video']"
185,184,630,184_levin_mark_levins_beck,"['levin', 'mark', 'levins', 'beck', 'limbaugh', 'radio', 'listen', 'cruz', 'trumper', 'trump']","['trump levin', 'i am so over levin', 'so is levin']"
186,185,623,185_jury_jurors_juror_mistrial,"['jury', 'jurors', 'juror', 'mistrial', 'judicial', 'judge', 'trial', 'verdict', 'juries', 'nullification']","['are you on the jury', 'who is on the jury', 'not if i was on the jury']"
187,186,623,186_numbers_number_projection_projecting,"['numbers', 'number', 'projection', 'projecting', 'twain', 'experts', 'expert', 'stats', 'digits', 'mark']","['they have the numbers', 'more we have the numbers', 'this is what it will take numbers']"
188,187,622,187_amish_mono_stolen_mennonites,"['amish', 'mono', 'stolen', 'mennonites', 'party', 'mennonite', 'buggy', 'quakers', 'darn', 'buggies']","['is he amish', 'amish again', 'amish at it again i see']"
189,188,619,188_banana_republic_republics_bananas,"['banana', 'republic', 'republics', 'bananas', 'officially', 'america', 'world', 'live', 'laws', 'welcome']","['banana republic', 'banana republic banana republic banana republic banana republic', 'banana republic']"
190,189,616,189_lefties_lefty_left_leftards,"['lefties', 'lefty', 'left', 'leftards', 'generals', 'leftys', 'leftard', 'military', 'commander', 'leftie']","['lefties are into everything', 'there are lefties here too', 'not all of them only the lefties']"
191,190,610,190_betcha_course_oh_blechhhh,"['betcha', 'course', 'oh', 'blechhhh', 'ftsb', 'showum', 'betchum', 'friend', 'tooooooooooooo', 'becha']","['you betcha', 'you betcha', 'you betcha']"
192,191,598,191_rubio_rubios_marco_amnesty,"['rubio', 'rubios', 'marco', 'amnesty', 'florida', 'jeb', 'cruz', 'gang', 'establishment', 'trump']","[""he'd be to the right of rubio"", 'rubio is done', 'rubio is in on it']"
193,192,595,192_tds_coincidence_coincidences_twilight,"['tds', 'coincidence', 'coincidences', 'twilight', 'zone', 'decertification', 'terminal', 'decertify', 'cure', 'suffering']","['in this case tds', 'tds is real', 'tds perhaps']"
194,193,594,193_comment_comments_section_post,"['comment', 'comments', 'section', 'post', 'deleted', 'reply', 'aboard', 'quote', 'read', 'edit']","['the comment section is for children', ""hahahahahahaha reported for commenting in the comment section that's hilarious you do know that's the purpose of the comment section to comment are you confused about how all this works you post a comment someone replies you answer that reply they reply to your reply you answer back they answer back it's called a thread that's how this works if you don't want that interaction you shouldn't reply the comment section is open to everyone to post a comment and reply to whomever they want by posting a comment you are starting a 'conversation ' by replying to a comment you are taking part in a 'conversation ' if you don't want that maybe you shouldn't reply"", ""why can't i see this comment""]"
195,194,589,194_garland_merrick_garlands_ag,"['garland', 'merrick', 'garlands', 'ag', 'wray', 'supreme', 'court', 'crt', 'domestic', 'justice']","['and i believe we all know what garland and cnn can go do with themselves', ""i'm sure merrick garland is all over this one"", 'if garland comes so do we the people']"
196,195,588,195_dementia_alzheimers_alzheimer_patient,"['dementia', 'alzheimers', 'alzheimer', 'patient', 'patients', 'stage', 'early', 'meds', 'onset', 'signs']","['he has dementia', 'he has dementia so', 'what dementia']"
197,196,586,196_mcstain_murkowski_mcshame_collins,"['mcstain', 'murkowski', 'mcshame', 'collins', 'mclame', 'kevin', 'mcmuffin', 'mcstains', 'alaska', 'flake']","['john mcstain', 'so did mcstain', 'and to mcstain']"
198,197,585,197_denial_november_january_th,"['denial', 'november', 'january', 'th', 'patience', 'moron', 'jan', 'zero', 'nov', 'april']","['i see you are still in denial', 'denial much', 'be in denial']"
199,198,585,198_spam_spammer_flagged_marked,"['spam', 'spammer', 'flagged', 'marked', 'posts', 'spammers', 'flag', 'spamming', 'overdue', 'unavailable']","['spam spam spam spam spam spam spam spam spam spam spam spam spam', 'spam spam another spam', 'get back in your can spam']"
200,199,576,199_sarcasm_sarcastic_tag_comment,"['sarcasm', 'sarcastic', 'tag', 'comment', 'hilarious', 'missed', 'meter', 'post', 'dripping', 'read']","['it was sarcasm', 'nothing it was sarcasm', 'he is all about sarcasm']"
201,200,574,200_karma_biotch_karmas_bitch,"['karma', 'biotch', 'karmas', 'bitch', 'instant', 'comes', 'tch', 'biatch', 'gonna', 'ha']","[""i'm all for karma"", ""that's karma"", 'this is karma']"
202,201,572,201_chicoms_chicom_chicongo_chicomms,"['chicoms', 'chicom', 'chicongo', 'chicomms', 'chico', 'goals', 'mission', 'ammo', 'world', 'collaborator']","['it s how the chicoms think all along', 'more like the chicoms', 'it is the chicoms now']"
203,202,572,202_jill_dr_tulsi_jills,"['jill', 'dr', 'tulsi', 'jills', 'gabbard', 'nurse', 'doctor', 'jilly', 'diaper', 'jilldo']","['its dr jill', 'anyone other than dr jill again', 'jill will get right on that']"
204,203,572,203_abrams_stacey_stacy_candace,"['abrams', 'stacey', 'stacy', 'candace', 'owens', 'georgia', 'tank', 'governor', 'april', 'buffet']","['stacey abrams too', 'something that stacey abrams can do all by herself', 'stacey abrams']"
205,204,572,204_pedophilia_pedophiles_pedophile_gay,"['pedophilia', 'pedophiles', 'pedophile', 'gay', 'marriage', 'gays', 'disgrace', 'homosexual', 'homosexuality', 'ticket']","['pedophiles all', 'hahaha this is like pedophiles declaring war on pedophilia', 'you just support pedophilia']"
206,205,571,205_jordan_ronna_jim_mcdaniel,"['jordan', 'ronna', 'jim', 'mcdaniel', 'speaker', 'rnc', 'jordans', 'mcdaniels', 'rona', 'gop']","['jim jordan', 'jim jordan', 'or jim jordan']"
207,206,559,206_nyt_nyts_cnn_rag,"['nyt', 'nyts', 'cnn', 'rag', 'news', 'msm', 'fake', 'story', 'propaganda', 'readers']","['nyt not your take', ""nyt are nutiz's"", 'and f the nyt']"
208,207,559,207_sarc_tag_sarcasm_forgot,"['sarc', 'tag', 'sarcasm', 'forgot', 'gee', 'add', 'oh', 'sarcastic', 'yeah', 'comment']","['nothing to see here move along sarc', 'is that sarc', 'sarc i see']"
209,208,558,208_amen_preach_sister_googletrends,"['amen', 'preach', 'sister', 'googletrends', 'tasks', 'brother', 'easy', 'disconcerted', 'www', 'activity']","['amen amen and amen', 'amen so be it', 'amen amen amen']"
210,209,557,209_balloon_balloons_history_weather,"['balloon', 'balloons', 'history', 'weather', 'repeat', 'spy', 'repeats', 'repeating', 'airspace', 'norad']","[""k to take out a balloon ridiculous that's if anything was shot down"", 'chinese balloon boy', 'they were just looking for their lost balloon']"
211,210,549,210_senate_senators_landslide_senator,"['senate', 'senators', 'landslide', 'senator', 'gop', 'win', 'republican', 'majority', 'trump', 'vote']","['with the senate i think', 'indeed we have enough of those already in the senate', 'only in the senate']"
212,211,545,211_goat_goats_humpers_herders,"['goat', 'goats', 'humpers', 'herders', 'male', 'old', 'fking', 'herding', 'lovers', 'scape']","['the goat', 'not from the back of a goat', 'someone could mistake her for an old goat and we know what they do to goats over there']"
213,212,544,212_savage_savages_children_kids,"['savage', 'savages', 'children', 'kids', 'poke', 'school', 'michael', 'parents', 'teacher', 'child']","['trump is such a savage', 'except savage', 'savages gonna savage']"
214,213,541,213_pa_pennsylvania_ohio_vote,"['pa', 'pennsylvania', 'ohio', 'vote', 'voter', 'voting', 'state', 'win', 'registration', 'voters']","['i pray not one article will say trump up in pa next article says biden up in pa', 'if pa keeps a democrat governor then nothing changes in pa', 'trump will win pa']"
215,214,536,214_sanctuary_cities_city_illegals,"['sanctuary', 'cities', 'city', 'illegals', 'illegal', 'federal', 'states', 'state', 'laws', 'funding']","['what did he think sanctuary cities were for democrats', 'sanctuary cities are illegal', 'and sanctuary cities']"
216,215,533,215_gates_depopulation_melinda_population,"['gates', 'depopulation', 'melinda', 'population', 'world', 'microsoft', 'windows', 'humanity', 'foundation', 'wants']","['bill gates at it again', 'bill gates', 'and bill gates']"
217,216,529,216_gofundme_scam_fired_fund,"['gofundme', 'scam', 'fired', 'fund', 'jw', 'ceo', 'scamdemic', 'company', 'donations', 'scams']","['its million on gofundme now', ""finally a gofundme that isn't a scam"", 'another gofundme scam']"
218,217,523,217_common_sense_theory_percent,"['common', 'sense', 'theory', 'percent', 'percentages', 'percentage', 'theories', 'goalposts', 'bless', 'goal']","['common sense', 'common sense', 'anyone with common sense']"
219,218,522,218_laugh_funny_bravo_thanks,"['laugh', 'funny', 'bravo', 'thanks', 'chuckle', 'hilarious', 'roflmao', 'news', 'hysterical', 'roflol']","[""thanks for the laugh that's a good one"", 'that was hilarious thanks for the laugh', ""that's funny thanks gave me a good laugh""]"
220,219,518,219_sullivan_berman_amy_jackson,"['sullivan', 'berman', 'amy', 'jackson', 'judge', 'sullivans', 'roberts', 'ag', 'court', 'fisa']","['they already are judge sullivan', 'all of this will somehow end up in front of judge amy berman jackson or judge emmett sullivan in dc', ""it's time to impeach sullivan and berman""]"
221,220,513,220_aoc_aocs_aol_mini,"['aoc', 'aocs', 'aol', 'mini', 'crying', 'dumb', 'ao', 'stupid', 'stupidity', 'iq']","['except aoc', ""no it's not its aoc"", 'aoc done the same']"
222,221,510,221_douche_weasel_frog_apple,"['douche', 'weasel', 'frog', 'apple', 'tree', 'toad', 'magoo', 'fall', 'frogs', 'bag']","['the apple does not fall far from the tree', 'the apple does not fall far from the tree', 'the apple doesnt fall far from the tree']"
223,222,498,222_fitton_logan_tom_ag,"['fitton', 'logan', 'tom', 'ag', 'act', 'vance', 'judicial', 'swamp', 'watch', 'logans']","['thanks tom fitton for all that you are doing for this country', 'tom fitton is great', 'let tom fitton run the fbi']"
224,223,485,223_popcorn_ready_butter_stock,"['popcorn', 'ready', 'butter', 'stock', 'pass', 'beer', 'grab', 'gonna', 'enjoy', 'buttered']","['get the popcorn', 'i m almost out of popcorn', ""where's the popcorn""]"
225,224,484,224_bolton_john_boltons_book,"['bolton', 'john', 'boltons', 'book', 'war', 'neocon', 'manuscript', 'testify', 'warmonger', 'trump']","['bolton was fired', 'john bolton', 'nobody will vote for you bolton']"
226,225,484,225_flake_jeff_flakes_arizona,"['flake', 'jeff', 'flakes', 'arizona', 'mccain', 'az', 'flakey', 'senate', 'republican', 'romney']","['flake is', ""he's a flake"", ""he's always been a flake""]"
227,226,483,226_maxine_waters_pocahontas_mad,"['maxine', 'waters', 'pocahontas', 'mad', 'max', 'aoc', 'mtg', 'maxipad', 'maxines', 'pocohontas']","['maxine waters', 'maxine waters', 'the next maxine waters']"
228,227,481,227_statue_statues_northam_monuments,"['statue', 'statues', 'northam', 'monuments', 'monument', 'history', 'confederate', 'black', 'hispanics', 'erected']","['will his statue be taken down in d c', 'the statue looks so much better now', 'they want to know who it was so they can start on the statue']"
229,228,476,228_diversity_strength_diverse_privilege,"['diversity', 'strength', 'diverse', 'privilege', 'celebrate', 'christians', 'embrace', 'white', 'christian', 'inclusion']","['but but but diversity', 'so much for diversity', 'b b but diversity']"
230,229,471,229_gitmo_birthday_happy_paypal,"['gitmo', 'birthday', 'happy', 'paypal', 'cell', 'ge', 'leavenworth', 'mailman', 'send', 'resort']","['gitmo gitmo gitmo', 'should move it to gitmo', 'gitmo all']"
231,230,469,230_corn_pop_cornpop_sherlock,"['corn', 'pop', 'cornpop', 'sherlock', 'pops', 'teflon', 'dude', 'flakes', 'kool', 'cornhole']","['corn pop is at it again', 'pop corn', 'corn pop']"
232,231,466,231_ted_lyin_teds_beck,"['ted', 'lyin', 'teds', 'beck', 'cruz', 'lyinted', 'lieu', 'lyen', 'lying', 'tedros']","[""lyin' ted"", 'ted just go away', 'the one true ted']"
233,232,461,232_witch_rachel_maddow_witches,"['witch', 'rachel', 'maddow', 'witches', 'wicked', 'goldberg', 'milano', 'madcow', 'coven', 'whoopi']","['evil witch', 'she is such a witch', 'they did the same for the witch']"
234,233,460,233_ebonics_duped_dope_moniker,"['ebonics', 'duped', 'dope', 'moniker', 'dos', 'yeb', 'fn', 'quickbasic', 'uff', 'english']","['we need to learn ebonics', 'called ebonics in the us', 'ebonics not everyone can speak in ebonics or understand it lol']"
235,234,458,234_demokkkrats_demokkkrat_demonkkkrats_demokrats,"['demokkkrats', 'demokkkrat', 'demonkkkrats', 'demokrats', 'demokkkraps', 'demonkkkrat', 'demokkkrauts', 'demokrat', 'demokkkrap', 'demokkkraut']","['demokkkrats r terrorists', 'he was talking about the demokkkrats', 'the evil demokkkrats']"
236,235,452,235_diaper_diapers_hag_swallowswell,"['diaper', 'diapers', 'hag', 'swallowswell', 'carlin', 'hags', 'hakeem', 'change', 'changed', 'uncle']","['looks as though his diaper was full', 'they had a problem with his diaper', ""it's a diaper""]"
237,236,447,236_alinsky_saul_alinskys_rules,"['alinsky', 'saul', 'alinskys', 'rules', 'radicals', 'accuse', 'tactics', 'lucifer', 'book', 'playbook']","['alinsky at work', ""it's the obama alinsky way"", 'go alinsky elsewhere']"
238,237,445,237_demonrats_demonrat_demoncraps_demons,"['demonrats', 'demonrat', 'demoncraps', 'demons', 'demon', 'cheat', 'devils', 'evil', 'demoncrap', 'lie']","['and they are all demonrats', 'neither do the demonrats', ""because he's on the demonrats' side""]"
239,238,441,238_religion_peace_strikes_peaceful,"['religion', 'peace', 'strikes', 'peaceful', 'cult', 'religions', 'tm', 'christianity', 'christian', 'christians']","['the religion of peace at it again', 'religion of peace nothing to see please move along', 'but but this is the religion of peace']"
240,239,434,239_electric_ev_evs_cars,"['electric', 'ev', 'evs', 'cars', 'battery', 'car', 'gas', 'electricity', 'vehicles', 'charging']","['electric cars do run on oil', 'most people do not want an all electric car', 'but but electric cars']"
241,240,429,240_chris_silk_diamond_drama,"['chris', 'silk', 'diamond', 'drama', 'beaver', 'michael', 'queen', 'gray', 'queens', 'palpatine']","['chris who', 'chris who', 'no chris that was me']"
242,241,429,241_patty_thanks_thank_amen,"['patty', 'thanks', 'thank', 'amen', 'patti', 'posting', 'beautiful', 'sharing', 'good', 'posts']","['which patty is this', 'me too patty', 'ten four patty']"
243,242,425,242_somalis_somalia_somali_minnesota,"['somalis', 'somalia', 'somali', 'minnesota', 'somalians', 'terrorists', 'mn', 'minneapolis', 'somalian', 'terrorist']","['somalis too', 'import somalis vote somali become somalia', 'just goes to show you can take the somalis out of somalia but']"
244,243,423,243_arkancide_arkancided_burn_arkancides,"['arkancide', 'arkancided', 'burn', 'arkancides', 'arkanicide', 'arkanside', 'baby', 'suicide', 'future', 'arkan']","['arkancide in', 'arkancide in', 'another arkancide']"
245,244,416,244_milo_milos_yiannopoulos_gay,"['milo', 'milos', 'yiannopoulos', 'gay', 'pedophilia', 'berkeley', 'speech', 'conservative', 'left', 'speaking']","['his name is milo', 'milo you have b s', 'milo milo milo']"
246,245,415,245_starbucks_gay_gays_coffee,"['starbucks', 'gay', 'gays', 'coffee', 'homosexual', 'homosexuals', 'mcdonalds', 'homosexuality', 'homophobic', 'lgbt']","[""but starbucks want's to hire of them"", 'so much for ever going to starbucks again', 'and never been in a starbucks and never will']"
247,246,414,246_dims_dimms_dimwit_dimwits,"['dims', 'dimms', 'dimwit', 'dimwits', 'dim', 'dimocraps', 'trolls', 'dimocrap', 'cheat', 'trump']","[""that's what i say the dims are on the wrong side of everything"", 'dims think', 'dims are done in']"
248,247,409,247_nra_surrender_thug_member,"['nra', 'surrender', 'thug', 'member', 'gun', 'nras', 'goa', 'members', 'membership', 'rights']","['and the nra', 'when has the nra not done that', 'the nra made you do it']"
249,248,409,248_joy_si_heil_amigo,"['joy', 'si', 'heil', 'amigo', 'seig', 'que', 'la', 'se', 'muy', 'adios']","['joy joy joy joy', 'joy joy joy joy fire fire fire fire', 'joy joy joy joy joy joy joy joy joy joy joy']"
250,249,407,249_ashli_babbitt_babbit_shot,"['ashli', 'babbitt', 'babbit', 'shot', 'murdered', 'kim', 'capitol', 'cop', 'breonna', 'women']","['start with the capitol police who murdered ashli babbitt', 'it seems like they would have shot the people breaking in no ashli babbitt was murdered', 'another one killed ashli babbitt']"
251,250,404,250_pillow_pillows_sheets_topper,"['pillow', 'pillows', 'sheets', 'topper', 'bought', 'slippers', 'mattress', 'mypillow', 'lindell', 'body']","['is my pillow back yet', 'is it with my pillow', 'my pillow']"
